Workbook

Sheet Parametrar
A1: 🚽 Kiosh — Skalanalys 10/30/50 toaletter (v2 med långhyra-rabatt)
A2: Kiosh nu prismässigt IDENTISK med Sanifix Holken. Premium/HCP/Lyx behåller egna priser.
A4: 💰 KIOSH-PRISER (uppdaterade 2026-06-11)
A5: Standardtoalett — full pris dag 1-4 (kr/dag/st) | B5: 974 | C5: =3896 kr (Sanifix Holken) ÷ 4 dgr
A6: Standardtoalett — långhyra-rabatt dag 5+ (kr/dag/st) | B6: 50 | C6: Matchar Sanifix
A7: Premiumtoalett — full pris dag 1-4 (kr/dag/st) | B7: 1500 | C7: Egen modell
A8: Handikapptoalett — full pris dag 1-4 (kr/dag/st) | B8: 1800 | C8: Egen modell
A9: Lyxtoalett — full pris dag 1-4 (kr/dag/st) | B9: 2500 | C9: Egen modell
A10: Extra service / städning (kr/tillfälle) | B10: 1948 | C10: Matchar Sanifix
A11: Leveransavgift Stockholm (kr) | B11: 150 | C11: BaseDeliveryFee Stockholm Norr
A12: Moms | B12: 0.25 | C12: 25%

Sheet Skala Standard
A1: 🎯 Skala — 10 / 30 / 50 STANDARDtoaletter över olika hyrtider
A2: Eftersom Kiosh nu matchar Sanifix-modellen blir priset IDENTISKT för Standard. Skillnad = 0.
A4: Antal toa | B4: Hyrtid (dgr) | C4: Service-tillfällen | D4: Dag 1-4 (full pris) | E4: Dag 5+ (50 kr/dag) | F4: Service-kostnad | G4: Leverans | H4: Subtotal (ex moms) | I4: TOTALT inkl. moms
A5: ━━━ 10 toaletter ━━━
A6: 10 | B6: 4 | C6: 0 | D6: =10*4*Parametrar!$B$5 | E6: =10*0*Parametrar!$B$6 | F6: =0*Parametrar!$B$10 | G6: =Parametrar!$B$11 | H6: =D6+E6+F6+G6 | I6: =H6*(1+Parametrar!$B$12)
A7: 10 | B7: 7 | C7: 0 | D7: =10*4*Parametrar!$B$5 | E7: =10*3*Parametrar!$B$6 | F7: =0*Parametrar!$B$10 | G7: =Parametrar!$B$11 | H7: =D7+E7+F7+G7 | I7: =H7*(1+Parametrar!$B$12)
A8: 10 | B8: 14 | C8: 1 | D8: =10*4*Parametrar!$B$5 | E8: =10*10*Parametrar!$B$6 | F8: =1*Parametrar!$B$10 | G8: =Parametrar!$B$11 | H8: =D8+E8+F8+G8 | I8: =H8*(1+Parametrar!$B$12)
A9: 10 | B9: 30 | C9: 3 | D9: =10*4*Parametrar!$B$5 | E9: =10*26*Parametrar!$B$6 | F9: =3*Parametrar!$B$10 | G9: =Parametrar!$B$11 | H9: =D9+E9+F9+G9 | I9: =H9*(1+Parametrar!$B$12)
A10: 10 | B10: 60 | C10: 5 | D10: =10*4*Parametrar!$B$5 | E10: =10*56*Parametrar!$B$6 | F10: =5*Parametrar!$B$10 | G10: =Parametrar!$B$11 | H10: =D10+E10+F10+G10 | I10: =H10*(1+Parametrar!$B$12)
A11: ━━━ 30 toaletter ━━━
A12: 30 | B12: 4 | C12: 0 | D12: =30*4*Parametrar!$B$5 | E12: =30*0*Parametrar!$B$6 | F12: =0*Parametrar!$B$10 | G12: =Parametrar!$B$11 | H12: =D12+E12+F12+G12 | I12: =H12*(1+Parametrar!$B$12)
A13: 30 | B13: 7 | C13: 0 | D13: =30*4*Parametrar!$B$5 | E13: =30*3*Parametrar!$B$6 | F13: =0*Parametrar!$B$10 | G13: =Parametrar!$B$11 | H13: =D13+E13+F13+G13 | I13: =H13*(1+Parametrar!$B$12)
A14: 30 | B14: 14 | C14: 1 | D14: =30*4*Parametrar!$B$5 | E14: =30*10*Parametrar!$B$6 | F14: =1*Parametrar!$B$10 | G14: =Parametrar!$B$11 | H14: =D14+E14+F14+G14 | I14: =H14*(1+Parametrar!$B$12)
A15: 30 | B15: 30 | C15: 3 | D15: =30*4*Parametrar!$B$5 | E15: =30*26*Parametrar!$B$6 | F15: =3*Parametrar!$B$10 | G15: =Parametrar!$B$11 | H15: =D15+E15+F15+G15 | I15: =H15*(1+Parametrar!$B$12)
A16: 30 | B16: 60 | C16: 5 | D16: =30*4*Parametrar!$B$5 | E16: =30*56*Parametrar!$B$6 | F16: =5*Parametrar!$B$10 | G16: =Parametrar!$B$11 | H16: =D16+E16+F16+G16 | I16: =H16*(1+Parametrar!$B$12)
A17: ━━━ 50 toaletter ━━━
A18: 50 | B18: 4 | C18: 0 | D18: =50*4*Parametrar!$B$5 | E18: =50*0*Parametrar!$B$6 | F18: =0*Parametrar!$B$10 | G18: =Parametrar!$B$11 | H18: =D18+E18+F18+G18 | I18: =H18*(1+Parametrar!$B$12)
A19: 50 | B19: 7 | C19: 0 | D19: =50*4*Parametrar!$B$5 | E19: =50*3*Parametrar!$B$6 | F19: =0*Parametrar!$B$10 | G19: =Parametrar!$B$11 | H19: =D19+E19+F19+G19 | I19: =H19*(1+Parametrar!$B$12)
A20: 50 | B20: 14 | C20: 1 | D20: =50*4*Parametrar!$B$5 | E20: =50*10*Parametrar!$B$6 | F20: =1*Parametrar!$B$10 | G20: =Parametrar!$B$11 | H20: =D20+E20+F20+G20 | I20: =H20*(1+Parametrar!$B$12)
A21: 50 | B21: 30 | C21: 3 | D21: =50*4*Parametrar!$B$5 | E21: =50*26*Parametrar!$B$6 | F21: =3*Parametrar!$B$10 | G21: =Parametrar!$B$11 | H21: =D21+E21+F21+G21 | I21: =H21*(1+Parametrar!$B$12)
A22: 50 | B22: 60 | C22: 5 | D22: =50*4*Parametrar!$B$5 | E22: =50*56*Parametrar!$B$6 | F22: =5*Parametrar!$B$10 | G22: =Parametrar!$B$11 | H22: =D22+E22+F22+G22 | I22: =H22*(1+Parametrar!$B$12)

Sheet Pris per dag
A1: 📈 Effektivt dagspris per modul (totalt ÷ dagar)
A2: Visar hur dagspriset sjunker över tid pga långhyra-rabatten. Identiskt mellan Kiosh & Sanifix nu.
A4: Hyrtid (dgr) | B4: Total (kr/modul) ex moms | C4: Effektivt kr/dag/modul | D4: kr/dag inkl. moms | E4: Status
A5: 1 | B5: =1*Parametrar!$B$5+0*Parametrar!$B$6 | C5: =B5/1 | D5: =C5*(1+Parametrar!$B$12) | E5: =IF(1<=4, "Full pris", "Långhyra-rabatt aktiv")
A6: 2 | B6: =2*Parametrar!$B$5+0*Parametrar!$B$6 | C6: =B6/2 | D6: =C6*(1+Parametrar!$B$12) | E6: =IF(2<=4, "Full pris", "Långhyra-rabatt aktiv")
A7: 3 | B7: =3*Parametrar!$B$5+0*Parametrar!$B$6 | C7: =B7/3 | D7: =C7*(1+Parametrar!$B$12) | E7: =IF(3<=4, "Full pris", "Långhyra-rabatt aktiv")
A8: 4 | B8: =4*Parametrar!$B$5+0*Parametrar!$B$6 | C8: =B8/4 | D8: =C8*(1+Parametrar!$B$12) | E8: =IF(4<=4, "Full pris", "Långhyra-rabatt aktiv")
A9: 5 | B9: =4*Parametrar!$B$5+1*Parametrar!$B$6 | C9: =B9/5 | D9: =C9*(1+Parametrar!$B$12) | E9: =IF(5<=4, "Full pris", "Långhyra-rabatt aktiv")
A10: 7 | B10: =4*Parametrar!$B$5+3*Parametrar!$B$6 | C10: =B10/7 | D10: =C10*(1+Parametrar!$B$12) | E10: =IF(7<=4, "Full pris", "Långhyra-rabatt aktiv")
A11: 10 | B11: =4*Parametrar!$B$5+6*Parametrar!$B$6 | C11: =B11/10 | D11: =C11*(1+Parametrar!$B$12) | E11: =IF(10<=4, "Full pris", "Långhyra-rabatt aktiv")
A12: 14 | B12: =4*Parametrar!$B$5+10*Parametrar!$B$6 | C12: =B12/14 | D12: =C12*(1+Parametrar!$B$12) | E12: =IF(14<=4, "Full pris", "Långhyra-rabatt aktiv")
A13: 21 | B13: =4*Parametrar!$B$5+17*Parametrar!$B$6 | C13: =B13/21 | D13: =C13*(1+Parametrar!$B$12) | E13: =IF(21<=4, "Full pris", "Långhyra-rabatt aktiv")
A14: 30 | B14: =4*Parametrar!$B$5+26*Parametrar!$B$6 | C14: =B14/30 | D14: =C14*(1+Parametrar!$B$12) | E14: =IF(30<=4, "Full pris", "Långhyra-rabatt aktiv")
A15: 45 | B15: =4*Parametrar!$B$5+41*Parametrar!$B$6 | C15: =B15/45 | D15: =C15*(1+Parametrar!$B$12) | E15: =IF(45<=4, "Full pris", "Långhyra-rabatt aktiv")
A16: 60 | B16: =4*Parametrar!$B$5+56*Parametrar!$B$6 | C16: =B16/60 | D16: =C16*(1+Parametrar!$B$12) | E16: =IF(60<=4, "Full pris", "Långhyra-rabatt aktiv")
A17: 90 | B17: =4*Parametrar!$B$5+86*Parametrar!$B$6 | C17: =B17/90 | D17: =C17*(1+Parametrar!$B$12) | E17: =IF(90<=4, "Full pris", "Långhyra-rabatt aktiv")

Sheet Mixad portfölj
A1: 🎨 Mixad portfölj — t.ex. Stockholm-evenemang
A2: Justera antal av varje modell + hyrtid → totalpriset uppdateras med långhyra-rabatten.
A4: Modell | B4: Antal | C4: Pris/dag dag 1-4 | D4: Pris/dag dag 5+ | E4: Dag 1-4 total | F4: Dag 5+ total | G4: Subtotal modul
A5: Standardtoalett | B5: 30 | C5: =Parametrar!$B$5 | D5: 50 | E5: =B5*MIN($B$14,4)*C5 | F5: =B5*MAX($B$14-4,0)*D5 | G5: =E5+F5
A6: Premiumtoalett | B6: 10 | C6: =Parametrar!$B$7 | D6: 50 | E6: =B6*MIN($B$14,4)*C6 | F6: =B6*MAX($B$14-4,0)*D6 | G6: =E6+F6
A7: Handikapptoalett | B7: 8 | C7: =Parametrar!$B$8 | D7: 50 | E7: =B7*MIN($B$14,4)*C7 | F7: =B7*MAX($B$14-4,0)*D7 | G7: =E7+F7
A8: Lyxtoalett | B8: 2 | C8: =Parametrar!$B$9 | D8: 50 | E8: =B8*MIN($B$14,4)*C8 | F8: =B8*MAX($B$14-4,0)*D8 | G8: =E8+F8
A10: Total hyra (alla modeller) | G10: =SUM(G5:G8)
A11: Service-kostnad | G11: =B15*Parametrar!$B$10
A12: Leverans | G12: =Parametrar!$B$11
A14: Hyrtid (dgr) | B14: 7
A15: Antal service-tillfällen | B15: 0
A17: Subtotal ex moms | G17: =G10+G11+G12
A18: Moms 25% | G18: =G17*Parametrar!$B$12
A19: TOTALT inkl. moms | G19: =G17+G18
