Workbook

Sheet Parametrar
A1: 🚽 Kiosh — Skalanalys 10 / 30 / 50 toa-moduler
A2: Priser hämtas från Salesforce (Standard Price Book) — uppdatera här om du tweakar
A4: 💰 PRISER (ändra här → uppdaterar alla scenarier)
A5: Kiosh — Standardtoalett (kr/dag) | B5: 974 | C5: =SF Standard Price Book 2026-06-11
A6: Kiosh — Premiumtoalett (kr/dag) | B6: 1500
A7: Kiosh — Handikapptoalett (kr/dag) | B7: 1800
A8: Kiosh — Lyxtoalett (kr/dag) | B8: 2500
A9: Kiosh — Extrastädning (kr/tillfälle) | B9: 1948
A10: Kiosh — Leveransavgift (Stockholm) | B10: 150
A12: Sanifix Holken — Grundpris 1-4 dgr (kr/st) | B12: 3896
A13: Sanifix — Tilläggspris dag 5+ (kr/st/dag) | B13: 50
A14: Sanifix — Extra service (kr/tillfälle) | B14: 1948
A16: Moms | B16: 0.25

Sheet Skalanalys 10-30-50
A1: 🎯 Skala — 10 / 30 / 50 standardtoaletter över olika hyrtider
A2: Alla priser inkl. moms 25%. Antaget: 1 service per 14 dagar för hyror > 7 dgr (efter Sanifix-rekommendation).
A4: Antal toa | B4: Hyrtid (dgr) | C4: Service-tillf. | D4: Kiosh: hyra (ex moms) | E4: Kiosh: service (ex moms) | F4: Kiosh: leverans | G4: Kiosh TOT (inkl moms) | H4: Sanifix grundpris | I4: Sanifix dag 5+ påslag | J4: Sanifix service | K4: Sanifix TOT (inkl moms)
A5: ━━━ 10 toaletter ━━━
A6: 10 | B6: 4 | C6: 0 | D6: =10*4*Parametrar!$B$5 | E6: =0*Parametrar!$B$9 | F6: =Parametrar!$B$10 | G6: =(D6+E6+F6)*(1+Parametrar!$B$16) | H6: =10*Parametrar!$B$12 | I6: =IF(4>4, (4-4)*Parametrar!$B$13*10, 0) | J6: =0*Parametrar!$B$14 | K6: =(H6+I6+J6)*(1+Parametrar!$B$16)
A7: 10 | B7: 7 | C7: 0 | D7: =10*7*Parametrar!$B$5 | E7: =0*Parametrar!$B$9 | F7: =Parametrar!$B$10 | G7: =(D7+E7+F7)*(1+Parametrar!$B$16) | H7: =10*Parametrar!$B$12 | I7: =IF(7>4, (7-4)*Parametrar!$B$13*10, 0) | J7: =0*Parametrar!$B$14 | K7: =(H7+I7+J7)*(1+Parametrar!$B$16)
A8: 10 | B8: 14 | C8: 1 | D8: =10*14*Parametrar!$B$5 | E8: =1*Parametrar!$B$9 | F8: =Parametrar!$B$10 | G8: =(D8+E8+F8)*(1+Parametrar!$B$16) | H8: =10*Parametrar!$B$12 | I8: =IF(14>4, (14-4)*Parametrar!$B$13*10, 0) | J8: =1*Parametrar!$B$14 | K8: =(H8+I8+J8)*(1+Parametrar!$B$16)
A9: 10 | B9: 30 | C9: 3 | D9: =10*30*Parametrar!$B$5 | E9: =3*Parametrar!$B$9 | F9: =Parametrar!$B$10 | G9: =(D9+E9+F9)*(1+Parametrar!$B$16) | H9: =10*Parametrar!$B$12 | I9: =IF(30>4, (30-4)*Parametrar!$B$13*10, 0) | J9: =3*Parametrar!$B$14 | K9: =(H9+I9+J9)*(1+Parametrar!$B$16)
A10: 10 | B10: 60 | C10: 5 | D10: =10*60*Parametrar!$B$5 | E10: =5*Parametrar!$B$9 | F10: =Parametrar!$B$10 | G10: =(D10+E10+F10)*(1+Parametrar!$B$16) | H10: =10*Parametrar!$B$12 | I10: =IF(60>4, (60-4)*Parametrar!$B$13*10, 0) | J10: =5*Parametrar!$B$14 | K10: =(H10+I10+J10)*(1+Parametrar!$B$16)
A11: ━━━ 30 toaletter ━━━
A12: 30 | B12: 4 | C12: 0 | D12: =30*4*Parametrar!$B$5 | E12: =0*Parametrar!$B$9 | F12: =Parametrar!$B$10 | G12: =(D12+E12+F12)*(1+Parametrar!$B$16) | H12: =30*Parametrar!$B$12 | I12: =IF(4>4, (4-4)*Parametrar!$B$13*30, 0) | J12: =0*Parametrar!$B$14 | K12: =(H12+I12+J12)*(1+Parametrar!$B$16)
A13: 30 | B13: 7 | C13: 0 | D13: =30*7*Parametrar!$B$5 | E13: =0*Parametrar!$B$9 | F13: =Parametrar!$B$10 | G13: =(D13+E13+F13)*(1+Parametrar!$B$16) | H13: =30*Parametrar!$B$12 | I13: =IF(7>4, (7-4)*Parametrar!$B$13*30, 0) | J13: =0*Parametrar!$B$14 | K13: =(H13+I13+J13)*(1+Parametrar!$B$16)
A14: 30 | B14: 14 | C14: 1 | D14: =30*14*Parametrar!$B$5 | E14: =1*Parametrar!$B$9 | F14: =Parametrar!$B$10 | G14: =(D14+E14+F14)*(1+Parametrar!$B$16) | H14: =30*Parametrar!$B$12 | I14: =IF(14>4, (14-4)*Parametrar!$B$13*30, 0) | J14: =1*Parametrar!$B$14 | K14: =(H14+I14+J14)*(1+Parametrar!$B$16)
A15: 30 | B15: 30 | C15: 3 | D15: =30*30*Parametrar!$B$5 | E15: =3*Parametrar!$B$9 | F15: =Parametrar!$B$10 | G15: =(D15+E15+F15)*(1+Parametrar!$B$16) | H15: =30*Parametrar!$B$12 | I15: =IF(30>4, (30-4)*Parametrar!$B$13*30, 0) | J15: =3*Parametrar!$B$14 | K15: =(H15+I15+J15)*(1+Parametrar!$B$16)
A16: 30 | B16: 60 | C16: 5 | D16: =30*60*Parametrar!$B$5 | E16: =5*Parametrar!$B$9 | F16: =Parametrar!$B$10 | G16: =(D16+E16+F16)*(1+Parametrar!$B$16) | H16: =30*Parametrar!$B$12 | I16: =IF(60>4, (60-4)*Parametrar!$B$13*30, 0) | J16: =5*Parametrar!$B$14 | K16: =(H16+I16+J16)*(1+Parametrar!$B$16)
A17: ━━━ 50 toaletter ━━━
A18: 50 | B18: 4 | C18: 0 | D18: =50*4*Parametrar!$B$5 | E18: =0*Parametrar!$B$9 | F18: =Parametrar!$B$10 | G18: =(D18+E18+F18)*(1+Parametrar!$B$16) | H18: =50*Parametrar!$B$12 | I18: =IF(4>4, (4-4)*Parametrar!$B$13*50, 0) | J18: =0*Parametrar!$B$14 | K18: =(H18+I18+J18)*(1+Parametrar!$B$16)
A19: 50 | B19: 7 | C19: 0 | D19: =50*7*Parametrar!$B$5 | E19: =0*Parametrar!$B$9 | F19: =Parametrar!$B$10 | G19: =(D19+E19+F19)*(1+Parametrar!$B$16) | H19: =50*Parametrar!$B$12 | I19: =IF(7>4, (7-4)*Parametrar!$B$13*50, 0) | J19: =0*Parametrar!$B$14 | K19: =(H19+I19+J19)*(1+Parametrar!$B$16)
A20: 50 | B20: 14 | C20: 1 | D20: =50*14*Parametrar!$B$5 | E20: =1*Parametrar!$B$9 | F20: =Parametrar!$B$10 | G20: =(D20+E20+F20)*(1+Parametrar!$B$16) | H20: =50*Parametrar!$B$12 | I20: =IF(14>4, (14-4)*Parametrar!$B$13*50, 0) | J20: =1*Parametrar!$B$14 | K20: =(H20+I20+J20)*(1+Parametrar!$B$16)
A21: 50 | B21: 30 | C21: 3 | D21: =50*30*Parametrar!$B$5 | E21: =3*Parametrar!$B$9 | F21: =Parametrar!$B$10 | G21: =(D21+E21+F21)*(1+Parametrar!$B$16) | H21: =50*Parametrar!$B$12 | I21: =IF(30>4, (30-4)*Parametrar!$B$13*50, 0) | J21: =3*Parametrar!$B$14 | K21: =(H21+I21+J21)*(1+Parametrar!$B$16)
A22: 50 | B22: 60 | C22: 5 | D22: =50*60*Parametrar!$B$5 | E22: =5*Parametrar!$B$9 | F22: =Parametrar!$B$10 | G22: =(D22+E22+F22)*(1+Parametrar!$B$16) | H22: =50*Parametrar!$B$12 | I22: =IF(60>4, (60-4)*Parametrar!$B$13*50, 0) | J22: =5*Parametrar!$B$14 | K22: =(H22+I22+J22)*(1+Parametrar!$B$16)
A25: 📊 DIFFERENS (Kiosh − Sanifix, inkl moms)
A27: Antal toa | B27: Hyrtid (dgr) | C27: Kiosh TOT | D27: Sanifix TOT | E27: Diff (kr) | F27: Diff (%) | G27: Status
A28: 10 | B28: 4 | C28: =G6 | D28: =K6 | E28: =G6-K6 | F28: =IFERROR((G6-K6)/K6, 0) | G28: =IF(G6<K6,"✅ Kiosh billigare",IF(G6=K6,"⚖️ Lika","⚠️ Sanifix billigare"))
A29: 10 | B29: 7 | C29: =G7 | D29: =K7 | E29: =G7-K7 | F29: =IFERROR((G7-K7)/K7, 0) | G29: =IF(G7<K7,"✅ Kiosh billigare",IF(G7=K7,"⚖️ Lika","⚠️ Sanifix billigare"))
A30: 10 | B30: 14 | C30: =G8 | D30: =K8 | E30: =G8-K8 | F30: =IFERROR((G8-K8)/K8, 0) | G30: =IF(G8<K8,"✅ Kiosh billigare",IF(G8=K8,"⚖️ Lika","⚠️ Sanifix billigare"))
A31: 10 | B31: 30 | C31: =G9 | D31: =K9 | E31: =G9-K9 | F31: =IFERROR((G9-K9)/K9, 0) | G31: =IF(G9<K9,"✅ Kiosh billigare",IF(G9=K9,"⚖️ Lika","⚠️ Sanifix billigare"))
A32: 10 | B32: 60 | C32: =G10 | D32: =K10 | E32: =G10-K10 | F32: =IFERROR((G10-K10)/K10, 0) | G32: =IF(G10<K10,"✅ Kiosh billigare",IF(G10=K10,"⚖️ Lika","⚠️ Sanifix billigare"))
A33: 30 | B33: 4 | C33: =G12 | D33: =K12 | E33: =G12-K12 | F33: =IFERROR((G12-K12)/K12, 0) | G33: =IF(G12<K12,"✅ Kiosh billigare",IF(G12=K12,"⚖️ Lika","⚠️ Sanifix billigare"))
A34: 30 | B34: 7 | C34: =G13 | D34: =K13 | E34: =G13-K13 | F34: =IFERROR((G13-K13)/K13, 0) | G34: =IF(G13<K13,"✅ Kiosh billigare",IF(G13=K13,"⚖️ Lika","⚠️ Sanifix billigare"))
A35: 30 | B35: 14 | C35: =G14 | D35: =K14 | E35: =G14-K14 | F35: =IFERROR((G14-K14)/K14, 0) | G35: =IF(G14<K14,"✅ Kiosh billigare",IF(G14=K14,"⚖️ Lika","⚠️ Sanifix billigare"))
A36: 30 | B36: 30 | C36: =G15 | D36: =K15 | E36: =G15-K15 | F36: =IFERROR((G15-K15)/K15, 0) | G36: =IF(G15<K15,"✅ Kiosh billigare",IF(G15=K15,"⚖️ Lika","⚠️ Sanifix billigare"))
A37: 30 | B37: 60 | C37: =G16 | D37: =K16 | E37: =G16-K16 | F37: =IFERROR((G16-K16)/K16, 0) | G37: =IF(G16<K16,"✅ Kiosh billigare",IF(G16=K16,"⚖️ Lika","⚠️ Sanifix billigare"))
A38: 50 | B38: 4 | C38: =G18 | D38: =K18 | E38: =G18-K18 | F38: =IFERROR((G18-K18)/K18, 0) | G38: =IF(G18<K18,"✅ Kiosh billigare",IF(G18=K18,"⚖️ Lika","⚠️ Sanifix billigare"))
A39: 50 | B39: 7 | C39: =G19 | D39: =K19 | E39: =G19-K19 | F39: =IFERROR((G19-K19)/K19, 0) | G39: =IF(G19<K19,"✅ Kiosh billigare",IF(G19=K19,"⚖️ Lika","⚠️ Sanifix billigare"))
A40: 50 | B40: 14 | C40: =G20 | D40: =K20 | E40: =G20-K20 | F40: =IFERROR((G20-K20)/K20, 0) | G40: =IF(G20<K20,"✅ Kiosh billigare",IF(G20=K20,"⚖️ Lika","⚠️ Sanifix billigare"))
A41: 50 | B41: 30 | C41: =G21 | D41: =K21 | E41: =G21-K21 | F41: =IFERROR((G21-K21)/K21, 0) | G41: =IF(G21<K21,"✅ Kiosh billigare",IF(G21=K21,"⚖️ Lika","⚠️ Sanifix billigare"))
A42: 50 | B42: 60 | C42: =G22 | D42: =K22 | E42: =G22-K22 | F42: =IFERROR((G22-K22)/K22, 0) | G42: =IF(G22<K22,"✅ Kiosh billigare",IF(G22=K22,"⚖️ Lika","⚠️ Sanifix billigare"))

Sheet Pris per dag (effektivt)
A1: 📈 Effektivt dagspris per modul (totalt ÷ dagar)
A2: Visar hur dagspriset/modul förändras med hyrtid. Sanifix sjunker drastiskt på långhyra pga 50 kr/dag-modellen.
A4: Hyrtid | B4: Kiosh kr/dag/modul (ex moms) | C4: Sanifix kr/dag/modul (ex moms) | D4: Diff kr/dag | E4: Diff % | F4: Kiosh inkl. moms/dag/modul | G4: Sanifix inkl. moms/dag/modul
A5: 1 | B5: =Parametrar!$B$5 | C5: =(Parametrar!$B$12+MAX(1-4,0)*Parametrar!$B$13)/1 | D5: =B5-C5 | E5: =IFERROR((B5-C5)/C5, 0) | F5: =B5*(1+Parametrar!$B$16) | G5: =C5*(1+Parametrar!$B$16)
A6: 2 | B6: =Parametrar!$B$5 | C6: =(Parametrar!$B$12+MAX(2-4,0)*Parametrar!$B$13)/2 | D6: =B6-C6 | E6: =IFERROR((B6-C6)/C6, 0) | F6: =B6*(1+Parametrar!$B$16) | G6: =C6*(1+Parametrar!$B$16)
A7: 3 | B7: =Parametrar!$B$5 | C7: =(Parametrar!$B$12+MAX(3-4,0)*Parametrar!$B$13)/3 | D7: =B7-C7 | E7: =IFERROR((B7-C7)/C7, 0) | F7: =B7*(1+Parametrar!$B$16) | G7: =C7*(1+Parametrar!$B$16)
A8: 4 | B8: =Parametrar!$B$5 | C8: =(Parametrar!$B$12+MAX(4-4,0)*Parametrar!$B$13)/4 | D8: =B8-C8 | E8: =IFERROR((B8-C8)/C8, 0) | F8: =B8*(1+Parametrar!$B$16) | G8: =C8*(1+Parametrar!$B$16)
A9: 5 | B9: =Parametrar!$B$5 | C9: =(Parametrar!$B$12+MAX(5-4,0)*Parametrar!$B$13)/5 | D9: =B9-C9 | E9: =IFERROR((B9-C9)/C9, 0) | F9: =B9*(1+Parametrar!$B$16) | G9: =C9*(1+Parametrar!$B$16)
A10: 7 | B10: =Parametrar!$B$5 | C10: =(Parametrar!$B$12+MAX(7-4,0)*Parametrar!$B$13)/7 | D10: =B10-C10 | E10: =IFERROR((B10-C10)/C10, 0) | F10: =B10*(1+Parametrar!$B$16) | G10: =C10*(1+Parametrar!$B$16)
A11: 10 | B11: =Parametrar!$B$5 | C11: =(Parametrar!$B$12+MAX(10-4,0)*Parametrar!$B$13)/10 | D11: =B11-C11 | E11: =IFERROR((B11-C11)/C11, 0) | F11: =B11*(1+Parametrar!$B$16) | G11: =C11*(1+Parametrar!$B$16)
A12: 14 | B12: =Parametrar!$B$5 | C12: =(Parametrar!$B$12+MAX(14-4,0)*Parametrar!$B$13)/14 | D12: =B12-C12 | E12: =IFERROR((B12-C12)/C12, 0) | F12: =B12*(1+Parametrar!$B$16) | G12: =C12*(1+Parametrar!$B$16)
A13: 21 | B13: =Parametrar!$B$5 | C13: =(Parametrar!$B$12+MAX(21-4,0)*Parametrar!$B$13)/21 | D13: =B13-C13 | E13: =IFERROR((B13-C13)/C13, 0) | F13: =B13*(1+Parametrar!$B$16) | G13: =C13*(1+Parametrar!$B$16)
A14: 30 | B14: =Parametrar!$B$5 | C14: =(Parametrar!$B$12+MAX(30-4,0)*Parametrar!$B$13)/30 | D14: =B14-C14 | E14: =IFERROR((B14-C14)/C14, 0) | F14: =B14*(1+Parametrar!$B$16) | G14: =C14*(1+Parametrar!$B$16)
A15: 45 | B15: =Parametrar!$B$5 | C15: =(Parametrar!$B$12+MAX(45-4,0)*Parametrar!$B$13)/45 | D15: =B15-C15 | E15: =IFERROR((B15-C15)/C15, 0) | F15: =B15*(1+Parametrar!$B$16) | G15: =C15*(1+Parametrar!$B$16)
A16: 60 | B16: =Parametrar!$B$5 | C16: =(Parametrar!$B$12+MAX(60-4,0)*Parametrar!$B$13)/60 | D16: =B16-C16 | E16: =IFERROR((B16-C16)/C16, 0) | F16: =B16*(1+Parametrar!$B$16) | G16: =C16*(1+Parametrar!$B$16)
A17: 90 | B17: =Parametrar!$B$5 | C17: =(Parametrar!$B$12+MAX(90-4,0)*Parametrar!$B$13)/90 | D17: =B17-C17 | E17: =IFERROR((B17-C17)/C17, 0) | F17: =B17*(1+Parametrar!$B$16) | G17: =C17*(1+Parametrar!$B$16)

Sheet Mixad portfölj
A1: 🎨 Mixad portfölj — t.ex. Stockholm-evenemang med olika modeller
A2: Justera antal av varje modell + hyrtid → Kiosh-pris räknas. Sanifix-jämförelse baseras på Holken-modellen.
A4: Modell | B4: Antal | C4: Pris/dag/st | D4: Subtotal (dgr×antal×pris) | F4: Hyrtid (dgr) | G4: Antal service-tillfällen
A5: Standardtoalett | B5: 30 | C5: =Parametrar!$B$5 | D5: =B5*C5*$F$5 | F5: 7 | G5: 0
A6: Premiumtoalett | B6: 10 | C6: =Parametrar!$B$6 | D6: =B6*C6*$F$5
A7: Handikapptoalett | B7: 8 | C7: =Parametrar!$B$7 | D7: =B7*C7*$F$5
A8: Lyxtoalett | B8: 2 | C8: =Parametrar!$B$8 | D8: =B8*C8*$F$5
A10: Total hyra | D10: =SUM(D5:D8)
A11: Service-kostnad | D11: =G5*Parametrar!$B$9
A12: Leverans | D12: =Parametrar!$B$10
A13: Subtotal (ex moms) | D13: =D10+D11+D12
A14: Moms 25% | D14: =D13*Parametrar!$B$16
A15: TOTALT KIOSH inkl. moms | D15: =D13+D14
A17: Sanifix-jämförelse (alla som Holken-standard)
A18: Totalt antal moduler | B18: =SUM(B5:B8)
A19: Sanifix grundpris | D19: =B18*Parametrar!$B$12
A20: Sanifix dag 5+ påslag | D20: =IF(F5>4, (F5-4)*Parametrar!$B$13*B18, 0)
A21: Sanifix service | D21: =G5*Parametrar!$B$14
A22: Sanifix subtotal | D22: =D19+D20+D21
A23: Moms 25% | D23: =D22*Parametrar!$B$16
A24: TOTALT SANIFIX inkl. moms | D24: =D22+D23
A26: DIFFERENS | D26: =D15-D24
A27: DIFFERENS % | D27: =IFERROR((D15-D24)/D24, 0)
A28: Status | D28: =IF(D15<D24, "✅ Kiosh billigare", IF(D15=D24, "⚖️ Lika", "⚠️ Sanifix billigare"))
